{
	"info": {
		"_postman_id": "81f5fa87-aed4-446b-8489-1ebd86990ea2",
		"name": "RESTaurantAPI",
		"schema": "https://schema.getpostman.com/json/collection/v2.1.0/collection.json",
		"_exporter_id": "30566124"
	},
	"item": [
		{
			"name": "GET",
			"item": [
				{
					"name": "Items",
					"request": {
						"method": "GET",
						"header": []
					},
					"response": [
						{
							"name": "New Request",
							"originalRequest": {
								"method": "GET",
								"header": [],
								"url": {
									"raw": "http://localhost:3000/items/",
									"protocol": "http",
									"host": [
										"localhost"
									],
									"port": "3000",
									"path": [
										"items",
										""
									]
								}
							},
							"status": "OK",
							"code": 200,
							"_postman_previewlanguage": "json",
							"header": [
								{
									"key": "X-Powered-By",
									"value": "Express"
								},
								{
									"key": "Content-Type",
									"value": "application/json; charset=utf-8"
								},
								{
									"key": "Content-Length",
									"value": "3394"
								},
								{
									"key": "ETag",
									"value": "W/\"d42-494F4GnKZ//uL7oL4bG+368wrnc\""
								},
								{
									"key": "Date",
									"value": "Thu, 26 Oct 2023 20:32:33 GMT"
								},
								{
									"key": "Connection",
									"value": "keep-alive"
								},
								{
									"key": "Keep-Alive",
									"value": "timeout=5"
								}
							],
							"cookie": [],
							"body": "[\n    {\n        \"idItems\": 1,\n        \"nom_items\": \"SALAD GREEK\",\n        \"description_items\": \"Lorem ipsum dolor sit amet, sit audire recusabo complectitur eu.\",\n        \"price_items\": \"5.00€\",\n        \"cat_items\": \"1\"\n    },\n    {\n        \"idItems\": 2,\n        \"nom_items\": \"TORTILLA ESPANOLA\",\n        \"description_items\": \"Pellentesque nec nulla non urna faucibus maximus in sed tellus\",\n        \"price_items\": \"4.50€\",\n        \"cat_items\": \"1\"\n    },\n    {\n        \"idItems\": 3,\n        \"nom_items\": \"OLIVAS RELLENAS\",\n        \"description_items\": \"Lorem ipsum dolor sit amet, sit audire recusabo complectitur eu.\",\n        \"price_items\": \"6.00€\",\n        \"cat_items\": \"1\"\n    },\n    {\n        \"idItems\": 4,\n        \"nom_items\": \"VERDURAS CON OLIVADA\",\n        \"description_items\": \"Pellentesque nec nulla non urna faucibus maximus in sed tellus\",\n        \"price_items\": \"6.50€\",\n        \"cat_items\": \"1\"\n    },\n    {\n        \"idItems\": 5,\n        \"nom_items\": \"LASAGNE\",\n        \"description_items\": \"Pellentesque nec nulla non urna faucibus maximus in sed tellus\",\n        \"price_items\": \"3.00€\",\n        \"cat_items\": \"1\"\n    },\n    {\n        \"idItems\": 6,\n        \"nom_items\": \"LENGUADO\",\n        \"description_items\": \"Lorem ipsum dolor sit amet, sit audire recusabo complectitur eu.\",\n        \"price_items\": \"12.00€\",\n        \"cat_items\": \"2\"\n    },\n    {\n        \"idItems\": 7,\n        \"nom_items\": \"BACALAO FRITO\",\n        \"description_items\": \"Lorem ipsum dolor sit amet, sit audire recusabo complectitur eu.\",\n        \"price_items\": \"7.00€\",\n        \"cat_items\": \"2\"\n    },\n    {\n        \"idItems\": 8,\n        \"nom_items\": \"PAELLA MIXTA\",\n        \"description_items\": \"Lorem ipsum dolor sit amet, sit audire recusabo complectitur eu.\",\n        \"price_items\": \"8.50€\",\n        \"cat_items\": \"2\"\n    },\n    {\n        \"idItems\": 9,\n        \"nom_items\": \"LOMO DE SALMON\",\n        \"description_items\": \"Lorem ipsum dolor sit amet, sit audire recusabo complectitur eu.\",\n        \"price_items\": \"11.50€\",\n        \"cat_items\": \"2\"\n    },\n    {\n        \"idItems\": 10,\n        \"nom_items\": \"POLLO AL HORNO\",\n        \"description_items\": \"Pellentesque nec nulla non urna faucibus maximus in sed tellus\",\n        \"price_items\": \"9.00€\",\n        \"cat_items\": \"2\"\n    },\n    {\n        \"idItems\": 11,\n        \"nom_items\": \"FRIES\",\n        \"description_items\": null,\n        \"price_items\": \"2.00€\",\n        \"cat_items\": \"3\"\n    },\n    {\n        \"idItems\": 12,\n        \"nom_items\": \"PEPPER POTATOES\",\n        \"description_items\": null,\n        \"price_items\": \"7.00€\",\n        \"cat_items\": \"3\"\n    },\n    {\n        \"idItems\": 13,\n        \"nom_items\": \"GREEN SALAD\",\n        \"description_items\": null,\n        \"price_items\": \"2.00€\",\n        \"cat_items\": \"3\"\n    },\n    {\n        \"idItems\": 14,\n        \"nom_items\": \"COLESLAW\",\n        \"description_items\": null,\n        \"price_items\": \"2.00€\",\n        \"cat_items\": \"3\"\n    },\n    {\n        \"idItems\": 15,\n        \"nom_items\": \"JACKET POTATO\",\n        \"description_items\": null,\n        \"price_items\": \"3.00€\",\n        \"cat_items\": \"3\"\n    },\n    {\n        \"idItems\": 16,\n        \"nom_items\": \"ICE TEA\",\n        \"description_items\": null,\n        \"price_items\": \"2.50€\",\n        \"cat_items\": \"4\"\n    },\n    {\n        \"idItems\": 17,\n        \"nom_items\": \"BOTTLED WATER\",\n        \"description_items\": null,\n        \"price_items\": \"1.50€\",\n        \"cat_items\": \"4\"\n    },\n    {\n        \"idItems\": 18,\n        \"nom_items\": \"TEA OR COFFEE\",\n        \"description_items\": null,\n        \"price_items\": \"1.50€\",\n        \"cat_items\": \"4\"\n    },\n    {\n        \"idItems\": 19,\n        \"nom_items\": \"BEER\",\n        \"description_items\": null,\n        \"price_items\": \"2.00€\",\n        \"cat_items\": \"4\"\n    },\n    {\n        \"idItems\": 20,\n        \"nom_items\": \"GLASS OF RED WINE\",\n        \"description_items\": null,\n        \"price_items\": \"\",\n        \"cat_items\": \"4\"\n    },\n    {\n        \"idItems\": 21,\n        \"nom_items\": \"BANANA SPLIT\",\n        \"description_items\": null,\n        \"price_items\": \"9.00€\",\n        \"cat_items\": \"5\"\n    },\n    {\n        \"idItems\": 22,\n        \"nom_items\": \"COOKIE DELIGHT\",\n        \"description_items\": null,\n        \"price_items\": \"9.00€\",\n        \"cat_items\": \"5\"\n    },\n    {\n        \"idItems\": 23,\n        \"nom_items\": \"APPLE PIE\",\n        \"description_items\": null,\n        \"price_items\": \"3.00€\",\n        \"cat_items\": \"5\"\n    },\n    {\n        \"idItems\": 24,\n        \"nom_items\": \"CHOCOLATE MUFFIN\",\n        \"description_items\": null,\n        \"price_items\": \"1.50€\",\n        \"cat_items\": \"5\"\n    },\n    {\n        \"idItems\": 25,\n        \"nom_items\": \"TIRAMISU\",\n        \"description_items\": null,\n        \"price_items\": \"5.50€\",\n        \"cat_items\": \"5\"\n    },\n    {\n        \"idItems\": 26,\n        \"nom_items\": \"cake\",\n        \"description_items\": \"cake a la banane et la cerise\",\n        \"price_items\": \"44€\",\n        \"cat_items\": \"5\"\n    }\n]"
						}
					]
				},
				{
					"name": "Items?parameters",
					"request": {
						"method": "GET",
						"header": []
					},
					"response": [
						{
							"name": "New Request",
							"originalRequest": {
								"method": "GET",
								"header": [],
								"url": {
									"raw": "http://localhost:3000/items?parameters=price_items<5",
									"protocol": "http",
									"host": [
										"localhost"
									],
									"port": "3000",
									"path": [
										"items"
									],
									"query": [
										{
											"key": "parameters",
											"value": "price_items<5"
										}
									]
								}
							},
							"status": "OK",
							"code": 200,
							"_postman_previewlanguage": "json",
							"header": [
								{
									"key": "X-Powered-By",
									"value": "Express"
								},
								{
									"key": "Content-Type",
									"value": "application/json; charset=utf-8"
								},
								{
									"key": "Content-Length",
									"value": "1112"
								},
								{
									"key": "ETag",
									"value": "W/\"458-+mt8LknilQukF3yWjhjx87QTFQk\""
								},
								{
									"key": "Date",
									"value": "Thu, 26 Oct 2023 20:32:58 GMT"
								},
								{
									"key": "Connection",
									"value": "keep-alive"
								},
								{
									"key": "Keep-Alive",
									"value": "timeout=5"
								}
							],
							"cookie": [],
							"body": "[\n    {\n        \"nom_items\": \"TORTILLA ESPANOLA\",\n        \"description_items\": \"Pellentesque nec nulla non urna faucibus maximus in sed tellus\",\n        \"price_items\": \"4.50€\"\n    },\n    {\n        \"nom_items\": \"LASAGNE\",\n        \"description_items\": \"Pellentesque nec nulla non urna faucibus maximus in sed tellus\",\n        \"price_items\": \"3.00€\"\n    },\n    {\n        \"nom_items\": \"FRIES\",\n        \"description_items\": null,\n        \"price_items\": \"2.00€\"\n    },\n    {\n        \"nom_items\": \"GREEN SALAD\",\n        \"description_items\": null,\n        \"price_items\": \"2.00€\"\n    },\n    {\n        \"nom_items\": \"COLESLAW\",\n        \"description_items\": null,\n        \"price_items\": \"2.00€\"\n    },\n    {\n        \"nom_items\": \"JACKET POTATO\",\n        \"description_items\": null,\n        \"price_items\": \"3.00€\"\n    },\n    {\n        \"nom_items\": \"ICE TEA\",\n        \"description_items\": null,\n        \"price_items\": \"2.50€\"\n    },\n    {\n        \"nom_items\": \"BOTTLED WATER\",\n        \"description_items\": null,\n        \"price_items\": \"1.50€\"\n    },\n    {\n        \"nom_items\": \"TEA OR COFFEE\",\n        \"description_items\": null,\n        \"price_items\": \"1.50€\"\n    },\n    {\n        \"nom_items\": \"BEER\",\n        \"description_items\": null,\n        \"price_items\": \"2.00€\"\n    },\n    {\n        \"nom_items\": \"GLASS OF RED WINE\",\n        \"description_items\": null,\n        \"price_items\": \"\"\n    },\n    {\n        \"nom_items\": \"APPLE PIE\",\n        \"description_items\": null,\n        \"price_items\": \"3.00€\"\n    },\n    {\n        \"nom_items\": \"CHOCOLATE MUFFIN\",\n        \"description_items\": null,\n        \"price_items\": \"1.50€\"\n    }\n]"
						}
					]
				},
				{
					"name": "Items/id",
					"request": {
						"method": "GET",
						"header": []
					},
					"response": [
						{
							"name": "New Request",
							"originalRequest": {
								"method": "GET",
								"header": [],
								"url": {
									"raw": "http://localhost:3000/items/1",
									"protocol": "http",
									"host": [
										"localhost"
									],
									"port": "3000",
									"path": [
										"items",
										"1"
									]
								}
							},
							"status": "OK",
							"code": 200,
							"_postman_previewlanguage": "json",
							"header": [
								{
									"key": "X-Powered-By",
									"value": "Express"
								},
								{
									"key": "Content-Type",
									"value": "application/json; charset=utf-8"
								},
								{
									"key": "Content-Length",
									"value": "140"
								},
								{
									"key": "ETag",
									"value": "W/\"8c-waLwrByjNgLVRfMuCG4qen7YEbQ\""
								},
								{
									"key": "Date",
									"value": "Thu, 26 Oct 2023 20:33:20 GMT"
								},
								{
									"key": "Connection",
									"value": "keep-alive"
								},
								{
									"key": "Keep-Alive",
									"value": "timeout=5"
								}
							],
							"cookie": [],
							"body": "[\n    {\n        \"nom_items\": \"SALAD GREEK\",\n        \"description_items\": \"Lorem ipsum dolor sit amet, sit audire recusabo complectitur eu.\",\n        \"price_items\": \"5.00€\"\n    }\n]"
						}
					]
				},
				{
					"name": "categories",
					"request": {
						"method": "GET",
						"header": []
					},
					"response": [
						{
							"name": "New Request",
							"originalRequest": {
								"method": "GET",
								"header": [],
								"url": {
									"raw": "http://localhost:3000/categories",
									"protocol": "http",
									"host": [
										"localhost"
									],
									"port": "3000",
									"path": [
										"categories"
									]
								}
							},
							"status": "OK",
							"code": 200,
							"_postman_previewlanguage": "json",
							"header": [
								{
									"key": "X-Powered-By",
									"value": "Express"
								},
								{
									"key": "Content-Type",
									"value": "application/json; charset=utf-8"
								},
								{
									"key": "Content-Length",
									"value": "3306"
								},
								{
									"key": "ETag",
									"value": "W/\"cea-EiRNrVywo3uibKV4iDi19Ke7ABM\""
								},
								{
									"key": "Date",
									"value": "Thu, 26 Oct 2023 20:36:25 GMT"
								},
								{
									"key": "Connection",
									"value": "keep-alive"
								},
								{
									"key": "Keep-Alive",
									"value": "timeout=5"
								}
							],
							"cookie": [],
							"body": "[\n    {\n        \"name_category\": \"STARTER\",\n        \"nom_items\": \"SALAD GREEK\",\n        \"description_items\": \"Lorem ipsum dolor sit amet, sit audire recusabo complectitur eu.\",\n        \"price_items\": \"5.00€\"\n    },\n    {\n        \"name_category\": \"STARTER\",\n        \"nom_items\": \"TORTILLA ESPANOLA\",\n        \"description_items\": \"Pellentesque nec nulla non urna faucibus maximus in sed tellus\",\n        \"price_items\": \"4.50€\"\n    },\n    {\n        \"name_category\": \"STARTER\",\n        \"nom_items\": \"OLIVAS RELLENAS\",\n        \"description_items\": \"Lorem ipsum dolor sit amet, sit audire recusabo complectitur eu.\",\n        \"price_items\": \"6.00€\"\n    },\n    {\n        \"name_category\": \"STARTER\",\n        \"nom_items\": \"VERDURAS CON OLIVADA\",\n        \"description_items\": \"Pellentesque nec nulla non urna faucibus maximus in sed tellus\",\n        \"price_items\": \"6.50€\"\n    },\n    {\n        \"name_category\": \"STARTER\",\n        \"nom_items\": \"LASAGNE\",\n        \"description_items\": \"Pellentesque nec nulla non urna faucibus maximus in sed tellus\",\n        \"price_items\": \"3.00€\"\n    },\n    {\n        \"name_category\": \"MAINS\",\n        \"nom_items\": \"LENGUADO\",\n        \"description_items\": \"Lorem ipsum dolor sit amet, sit audire recusabo complectitur eu.\",\n        \"price_items\": \"12.00€\"\n    },\n    {\n        \"name_category\": \"MAINS\",\n        \"nom_items\": \"BACALAO FRITO\",\n        \"description_items\": \"Lorem ipsum dolor sit amet, sit audire recusabo complectitur eu.\",\n        \"price_items\": \"7.00€\"\n    },\n    {\n        \"name_category\": \"MAINS\",\n        \"nom_items\": \"PAELLA MIXTA\",\n        \"description_items\": \"Lorem ipsum dolor sit amet, sit audire recusabo complectitur eu.\",\n        \"price_items\": \"8.50€\"\n    },\n    {\n        \"name_category\": \"MAINS\",\n        \"nom_items\": \"LOMO DE SALMON\",\n        \"description_items\": \"Lorem ipsum dolor sit amet, sit audire recusabo complectitur eu.\",\n        \"price_items\": \"11.50€\"\n    },\n    {\n        \"name_category\": \"MAINS\",\n        \"nom_items\": \"POLLO AL HORNO\",\n        \"description_items\": \"Pellentesque nec nulla non urna faucibus maximus in sed tellus\",\n        \"price_items\": \"9.00€\"\n    },\n    {\n        \"name_category\": \"SIDES\",\n        \"nom_items\": \"FRIES\",\n        \"description_items\": null,\n        \"price_items\": \"2.00€\"\n    },\n    {\n        \"name_category\": \"SIDES\",\n        \"nom_items\": \"PEPPER POTATOES\",\n        \"description_items\": null,\n        \"price_items\": \"7.00€\"\n    },\n    {\n        \"name_category\": \"SIDES\",\n        \"nom_items\": \"GREEN SALAD\",\n        \"description_items\": null,\n        \"price_items\": \"2.00€\"\n    },\n    {\n        \"name_category\": \"SIDES\",\n        \"nom_items\": \"COLESLAW\",\n        \"description_items\": null,\n        \"price_items\": \"2.00€\"\n    },\n    {\n        \"name_category\": \"SIDES\",\n        \"nom_items\": \"JACKET POTATO\",\n        \"description_items\": null,\n        \"price_items\": \"3.00€\"\n    },\n    {\n        \"name_category\": \"DRINKS\",\n        \"nom_items\": \"ICE TEA\",\n        \"description_items\": null,\n        \"price_items\": \"2.50€\"\n    },\n    {\n        \"name_category\": \"DRINKS\",\n        \"nom_items\": \"BOTTLED WATER\",\n        \"description_items\": null,\n        \"price_items\": \"1.50€\"\n    },\n    {\n        \"name_category\": \"DRINKS\",\n        \"nom_items\": \"TEA OR COFFEE\",\n        \"description_items\": null,\n        \"price_items\": \"1.50€\"\n    },\n    {\n        \"name_category\": \"DRINKS\",\n        \"nom_items\": \"BEER\",\n        \"description_items\": null,\n        \"price_items\": \"2.00€\"\n    },\n    {\n        \"name_category\": \"DRINKS\",\n        \"nom_items\": \"GLASS OF RED WINE\",\n        \"description_items\": null,\n        \"price_items\": \"\"\n    },\n    {\n        \"name_category\": \"DESSERTS\",\n        \"nom_items\": \"BANANA SPLIT\",\n        \"description_items\": null,\n        \"price_items\": \"9.00€\"\n    },\n    {\n        \"name_category\": \"DESSERTS\",\n        \"nom_items\": \"COOKIE DELIGHT\",\n        \"description_items\": null,\n        \"price_items\": \"9.00€\"\n    },\n    {\n        \"name_category\": \"DESSERTS\",\n        \"nom_items\": \"APPLE PIE\",\n        \"description_items\": null,\n        \"price_items\": \"3.00€\"\n    },\n    {\n        \"name_category\": \"DESSERTS\",\n        \"nom_items\": \"CHOCOLATE MUFFIN\",\n        \"description_items\": null,\n        \"price_items\": \"1.50€\"\n    },\n    {\n        \"name_category\": \"DESSERTS\",\n        \"nom_items\": \"TIRAMISU\",\n        \"description_items\": null,\n        \"price_items\": \"5.50€\"\n    },\n    {\n        \"name_category\": \"DESSERTS\",\n        \"nom_items\": \"cake\",\n        \"description_items\": \"cake a la banane et la cerise\",\n        \"price_items\": \"44€\"\n    }\n]"
						}
					]
				},
				{
					"name": "categories/id",
					"request": {
						"method": "GET",
						"header": []
					},
					"response": [
						{
							"name": "categories/id",
							"originalRequest": {
								"method": "GET",
								"header": [],
								"url": {
									"raw": "http://localhost:3000/categories/1",
									"protocol": "http",
									"host": [
										"localhost"
									],
									"port": "3000",
									"path": [
										"categories",
										"1"
									]
								}
							},
							"status": "OK",
							"code": 200,
							"_postman_previewlanguage": "json",
							"header": [
								{
									"key": "X-Powered-By",
									"value": "Express"
								},
								{
									"key": "Content-Type",
									"value": "application/json; charset=utf-8"
								},
								{
									"key": "Content-Length",
									"value": "835"
								},
								{
									"key": "ETag",
									"value": "W/\"343-YPiilRlISK9t0c8r+HFKJWybXTQ\""
								},
								{
									"key": "Date",
									"value": "Thu, 26 Oct 2023 20:36:37 GMT"
								},
								{
									"key": "Connection",
									"value": "keep-alive"
								},
								{
									"key": "Keep-Alive",
									"value": "timeout=5"
								}
							],
							"cookie": [],
							"body": "[\n    {\n        \"name_category\": \"STARTER\",\n        \"nom_items\": \"SALAD GREEK\",\n        \"description_items\": \"Lorem ipsum dolor sit amet, sit audire recusabo complectitur eu.\",\n        \"price_items\": \"5.00€\"\n    },\n    {\n        \"name_category\": \"STARTER\",\n        \"nom_items\": \"TORTILLA ESPANOLA\",\n        \"description_items\": \"Pellentesque nec nulla non urna faucibus maximus in sed tellus\",\n        \"price_items\": \"4.50€\"\n    },\n    {\n        \"name_category\": \"STARTER\",\n        \"nom_items\": \"OLIVAS RELLENAS\",\n        \"description_items\": \"Lorem ipsum dolor sit amet, sit audire recusabo complectitur eu.\",\n        \"price_items\": \"6.00€\"\n    },\n    {\n        \"name_category\": \"STARTER\",\n        \"nom_items\": \"VERDURAS CON OLIVADA\",\n        \"description_items\": \"Pellentesque nec nulla non urna faucibus maximus in sed tellus\",\n        \"price_items\": \"6.50€\"\n    },\n    {\n        \"name_category\": \"STARTER\",\n        \"nom_items\": \"LASAGNE\",\n        \"description_items\": \"Pellentesque nec nulla non urna faucibus maximus in sed tellus\",\n        \"price_items\": \"3.00€\"\n    }\n]"
						}
					]
				},
				{
					"name": "formulas",
					"request": {
						"method": "GET",
						"header": []
					},
					"response": [
						{
							"name": "formulas",
							"originalRequest": {
								"method": "GET",
								"header": [],
								"url": {
									"raw": "http://localhost:3000/formulas",
									"protocol": "http",
									"host": [
										"localhost"
									],
									"port": "3000",
									"path": [
										"formulas"
									]
								}
							},
							"status": "OK",
							"code": 200,
							"_postman_previewlanguage": "json",
							"header": [
								{
									"key": "X-Powered-By",
									"value": "Express"
								},
								{
									"key": "Content-Type",
									"value": "application/json; charset=utf-8"
								},
								{
									"key": "Content-Length",
									"value": "109"
								},
								{
									"key": "ETag",
									"value": "W/\"6d-DUiAMj6PBitf0DAT6OaTBAqc1ok\""
								},
								{
									"key": "Date",
									"value": "Thu, 26 Oct 2023 20:39:33 GMT"
								},
								{
									"key": "Connection",
									"value": "keep-alive"
								},
								{
									"key": "Keep-Alive",
									"value": "timeout=5"
								}
							],
							"cookie": [],
							"body": "[\n    {\n        \"name_formulas\": \"CLASSIC\",\n        \"price_formulas\": \"15€\"\n    },\n    {\n        \"name_formulas\": \"FULL PACK\",\n        \"price_formulas\": \"20€\"\n    }\n]"
						}
					]
				},
				{
					"name": "formulas?parameters",
					"request": {
						"method": "GET",
						"header": []
					},
					"response": [
						{
							"name": "formulas?parameters",
							"originalRequest": {
								"method": "GET",
								"header": [],
								"url": {
									"raw": "http://localhost:3000/formulas?parameters=price_formulas>19",
									"protocol": "http",
									"host": [
										"localhost"
									],
									"port": "3000",
									"path": [
										"formulas"
									],
									"query": [
										{
											"key": "parameters",
											"value": "price_formulas>19"
										}
									]
								}
							},
							"status": "OK",
							"code": 200,
							"_postman_previewlanguage": "json",
							"header": [
								{
									"key": "X-Powered-By",
									"value": "Express"
								},
								{
									"key": "Content-Type",
									"value": "application/json; charset=utf-8"
								},
								{
									"key": "Content-Length",
									"value": "56"
								},
								{
									"key": "ETag",
									"value": "W/\"38-Z3JAq2m5hcr2xCGOKE1K4k336yg\""
								},
								{
									"key": "Date",
									"value": "Thu, 26 Oct 2023 20:39:43 GMT"
								},
								{
									"key": "Connection",
									"value": "keep-alive"
								},
								{
									"key": "Keep-Alive",
									"value": "timeout=5"
								}
							],
							"cookie": [],
							"body": "[\n    {\n        \"name_formulas\": \"FULL PACK\",\n        \"price_formulas\": \"20€\"\n    }\n]"
						}
					]
				},
				{
					"name": "formulas/id",
					"request": {
						"method": "GET",
						"header": []
					},
					"response": [
						{
							"name": "formulas/id",
							"originalRequest": {
								"method": "GET",
								"header": [],
								"url": {
									"raw": "http://localhost:3000/formulas/1",
									"protocol": "http",
									"host": [
										"localhost"
									],
									"port": "3000",
									"path": [
										"formulas",
										"1"
									]
								}
							},
							"status": "OK",
							"code": 200,
							"_postman_previewlanguage": "json",
							"header": [
								{
									"key": "X-Powered-By",
									"value": "Express"
								},
								{
									"key": "Content-Type",
									"value": "application/json; charset=utf-8"
								},
								{
									"key": "Content-Length",
									"value": "76"
								},
								{
									"key": "ETag",
									"value": "W/\"4c-A/eSN5XGW0rMdsJ0oH3aj5iO4Uk\""
								},
								{
									"key": "Date",
									"value": "Thu, 26 Oct 2023 20:39:52 GMT"
								},
								{
									"key": "Connection",
									"value": "keep-alive"
								},
								{
									"key": "Keep-Alive",
									"value": "timeout=5"
								}
							],
							"cookie": [],
							"body": "[\n    {\n        \"name_formulas\": \"CLASSIC\",\n        \"price_formulas\": \"15€\",\n        \"category_formulas\": 1\n    }\n]"
						}
					]
				}
			]
		},
		{
			"name": "DELETE",
			"item": [
				{
					"name": "delete items",
					"request": {
						"method": "GET",
						"header": []
					},
					"response": [
						{
							"name": "delete",
							"originalRequest": {
								"method": "DELETE",
								"header": [],
								"url": {
									"raw": "http://localhost:3000/items/1",
									"protocol": "http",
									"host": [
										"localhost"
									],
									"port": "3000",
									"path": [
										"items",
										"1"
									]
								}
							},
							"status": "OK",
							"code": 200,
							"_postman_previewlanguage": "json",
							"header": [
								{
									"key": "X-Powered-By",
									"value": "Express"
								},
								{
									"key": "Content-Type",
									"value": "application/json; charset=utf-8"
								},
								{
									"key": "Content-Length",
									"value": "107"
								},
								{
									"key": "ETag",
									"value": "W/\"6b-b3JOfSJ3Xs1ep6fPISzvNs6jz/0\""
								},
								{
									"key": "Date",
									"value": "Thu, 26 Oct 2023 20:44:02 GMT"
								},
								{
									"key": "Connection",
									"value": "keep-alive"
								},
								{
									"key": "Keep-Alive",
									"value": "timeout=5"
								}
							],
							"cookie": [],
							"body": "{\n    \"fieldCount\": 0,\n    \"affectedRows\": 0,\n    \"insertId\": 0,\n    \"info\": \"\",\n    \"serverStatus\": 2,\n    \"warningStatus\": 0,\n    \"changedRows\": 0\n}"
						},
						{
							"name": "get l'id 1 n'est plus là",
							"originalRequest": {
								"method": "GET",
								"header": [],
								"url": {
									"raw": "http://localhost:3000/items",
									"protocol": "http",
									"host": [
										"localhost"
									],
									"port": "3000",
									"path": [
										"items"
									]
								}
							},
							"status": "OK",
							"code": 200,
							"_postman_previewlanguage": "json",
							"header": [
								{
									"key": "X-Powered-By",
									"value": "Express"
								},
								{
									"key": "Content-Type",
									"value": "application/json; charset=utf-8"
								},
								{
									"key": "Content-Length",
									"value": "3103"
								},
								{
									"key": "ETag",
									"value": "W/\"c1f-gckWxatplV4xLN1CqNeWn1Uay3o\""
								},
								{
									"key": "Date",
									"value": "Thu, 26 Oct 2023 20:44:19 GMT"
								},
								{
									"key": "Connection",
									"value": "keep-alive"
								},
								{
									"key": "Keep-Alive",
									"value": "timeout=5"
								}
							],
							"cookie": [],
							"body": "[\n    {\n        \"idItems\": 2,\n        \"nom_items\": \"TORTILLA ESPANOLA\",\n        \"description_items\": \"Pellentesque nec nulla non urna faucibus maximus in sed tellus\",\n        \"price_items\": \"4.50€\",\n        \"cat_items\": \"1\"\n    },\n    {\n        \"idItems\": 3,\n        \"nom_items\": \"OLIVAS RELLENAS\",\n        \"description_items\": \"Lorem ipsum dolor sit amet, sit audire recusabo complectitur eu.\",\n        \"price_items\": \"6.00€\",\n        \"cat_items\": \"1\"\n    },\n    {\n        \"idItems\": 4,\n        \"nom_items\": \"VERDURAS CON OLIVADA\",\n        \"description_items\": \"Pellentesque nec nulla non urna faucibus maximus in sed tellus\",\n        \"price_items\": \"6.50€\",\n        \"cat_items\": \"1\"\n    },\n    {\n        \"idItems\": 5,\n        \"nom_items\": \"LASAGNE\",\n        \"description_items\": \"Pellentesque nec nulla non urna faucibus maximus in sed tellus\",\n        \"price_items\": \"3.00€\",\n        \"cat_items\": \"1\"\n    },\n    {\n        \"idItems\": 6,\n        \"nom_items\": \"LENGUADO\",\n        \"description_items\": \"Lorem ipsum dolor sit amet, sit audire recusabo complectitur eu.\",\n        \"price_items\": \"12.00€\",\n        \"cat_items\": \"2\"\n    },\n    {\n        \"idItems\": 7,\n        \"nom_items\": \"BACALAO FRITO\",\n        \"description_items\": \"Lorem ipsum dolor sit amet, sit audire recusabo complectitur eu.\",\n        \"price_items\": \"7.00€\",\n        \"cat_items\": \"2\"\n    },\n    {\n        \"idItems\": 8,\n        \"nom_items\": \"PAELLA MIXTA\",\n        \"description_items\": \"Lorem ipsum dolor sit amet, sit audire recusabo complectitur eu.\",\n        \"price_items\": \"8.50€\",\n        \"cat_items\": \"2\"\n    },\n    {\n        \"idItems\": 9,\n        \"nom_items\": \"LOMO DE SALMON\",\n        \"description_items\": \"Lorem ipsum dolor sit amet, sit audire recusabo complectitur eu.\",\n        \"price_items\": \"11.50€\",\n        \"cat_items\": \"2\"\n    },\n    {\n        \"idItems\": 10,\n        \"nom_items\": \"POLLO AL HORNO\",\n        \"description_items\": \"Pellentesque nec nulla non urna faucibus maximus in sed tellus\",\n        \"price_items\": \"9.00€\",\n        \"cat_items\": \"2\"\n    },\n    {\n        \"idItems\": 11,\n        \"nom_items\": \"FRIES\",\n        \"description_items\": null,\n        \"price_items\": \"2.00€\",\n        \"cat_items\": \"3\"\n    },\n    {\n        \"idItems\": 12,\n        \"nom_items\": \"PEPPER POTATOES\",\n        \"description_items\": null,\n        \"price_items\": \"7.00€\",\n        \"cat_items\": \"3\"\n    },\n    {\n        \"idItems\": 13,\n        \"nom_items\": \"GREEN SALAD\",\n        \"description_items\": null,\n        \"price_items\": \"2.00€\",\n        \"cat_items\": \"3\"\n    },\n    {\n        \"idItems\": 14,\n        \"nom_items\": \"COLESLAW\",\n        \"description_items\": null,\n        \"price_items\": \"2.00€\",\n        \"cat_items\": \"3\"\n    },\n    {\n        \"idItems\": 15,\n        \"nom_items\": \"JACKET POTATO\",\n        \"description_items\": null,\n        \"price_items\": \"3.00€\",\n        \"cat_items\": \"3\"\n    },\n    {\n        \"idItems\": 16,\n        \"nom_items\": \"ICE TEA\",\n        \"description_items\": null,\n        \"price_items\": \"2.50€\",\n        \"cat_items\": \"4\"\n    },\n    {\n        \"idItems\": 17,\n        \"nom_items\": \"BOTTLED WATER\",\n        \"description_items\": null,\n        \"price_items\": \"1.50€\",\n        \"cat_items\": \"4\"\n    },\n    {\n        \"idItems\": 18,\n        \"nom_items\": \"TEA OR COFFEE\",\n        \"description_items\": null,\n        \"price_items\": \"1.50€\",\n        \"cat_items\": \"4\"\n    },\n    {\n        \"idItems\": 19,\n        \"nom_items\": \"BEER\",\n        \"description_items\": null,\n        \"price_items\": \"2.00€\",\n        \"cat_items\": \"4\"\n    },\n    {\n        \"idItems\": 20,\n        \"nom_items\": \"GLASS OF RED WINE\",\n        \"description_items\": null,\n        \"price_items\": \"\",\n        \"cat_items\": \"4\"\n    },\n    {\n        \"idItems\": 21,\n        \"nom_items\": \"BANANA SPLIT\",\n        \"description_items\": null,\n        \"price_items\": \"9.00€\",\n        \"cat_items\": \"5\"\n    },\n    {\n        \"idItems\": 22,\n        \"nom_items\": \"COOKIE DELIGHT\",\n        \"description_items\": null,\n        \"price_items\": \"9.00€\",\n        \"cat_items\": \"5\"\n    },\n    {\n        \"idItems\": 23,\n        \"nom_items\": \"APPLE PIE\",\n        \"description_items\": null,\n        \"price_items\": \"3.00€\",\n        \"cat_items\": \"5\"\n    },\n    {\n        \"idItems\": 24,\n        \"nom_items\": \"CHOCOLATE MUFFIN\",\n        \"description_items\": null,\n        \"price_items\": \"1.50€\",\n        \"cat_items\": \"5\"\n    },\n    {\n        \"idItems\": 25,\n        \"nom_items\": \"TIRAMISU\",\n        \"description_items\": null,\n        \"price_items\": \"5.50€\",\n        \"cat_items\": \"5\"\n    }\n]"
						}
					]
				},
				{
					"name": "delete categories",
					"request": {
						"method": "GET",
						"header": []
					},
					"response": [
						{
							"name": "delete categories",
							"originalRequest": {
								"method": "DELETE",
								"header": [],
								"url": {
									"raw": "http://localhost:3000/categories/1",
									"protocol": "http",
									"host": [
										"localhost"
									],
									"port": "3000",
									"path": [
										"categories",
										"1"
									]
								}
							},
							"status": "OK",
							"code": 200,
							"_postman_previewlanguage": "json",
							"header": [
								{
									"key": "X-Powered-By",
									"value": "Express"
								},
								{
									"key": "Content-Type",
									"value": "application/json; charset=utf-8"
								},
								{
									"key": "Content-Length",
									"value": "107"
								},
								{
									"key": "ETag",
									"value": "W/\"6b-iYl2FPAhL164xwLCsFX/n6DEygI\""
								},
								{
									"key": "Date",
									"value": "Thu, 26 Oct 2023 20:45:33 GMT"
								},
								{
									"key": "Connection",
									"value": "keep-alive"
								},
								{
									"key": "Keep-Alive",
									"value": "timeout=5"
								}
							],
							"cookie": [],
							"body": "{\n    \"fieldCount\": 0,\n    \"affectedRows\": 1,\n    \"insertId\": 0,\n    \"info\": \"\",\n    \"serverStatus\": 2,\n    \"warningStatus\": 0,\n    \"changedRows\": 0\n}"
						},
						{
							"name": "get l'id 1 n'est plus là",
							"originalRequest": {
								"method": "GET",
								"header": [],
								"url": {
									"raw": "http://localhost:3000/categories",
									"protocol": "http",
									"host": [
										"localhost"
									],
									"port": "3000",
									"path": [
										"categories"
									]
								}
							},
							"status": "OK",
							"code": 200,
							"_postman_previewlanguage": "json",
							"header": [
								{
									"key": "X-Powered-By",
									"value": "Express"
								},
								{
									"key": "Content-Type",
									"value": "application/json; charset=utf-8"
								},
								{
									"key": "Content-Length",
									"value": "2350"
								},
								{
									"key": "ETag",
									"value": "W/\"92e-aq9pgujD496EcRQaYhjM8xMzQto\""
								},
								{
									"key": "Date",
									"value": "Thu, 26 Oct 2023 20:45:47 GMT"
								},
								{
									"key": "Connection",
									"value": "keep-alive"
								},
								{
									"key": "Keep-Alive",
									"value": "timeout=5"
								}
							],
							"cookie": [],
							"body": "[\n    {\n        \"name_category\": \"MAINS\",\n        \"nom_items\": \"LENGUADO\",\n        \"description_items\": \"Lorem ipsum dolor sit amet, sit audire recusabo complectitur eu.\",\n        \"price_items\": \"12.00€\"\n    },\n    {\n        \"name_category\": \"MAINS\",\n        \"nom_items\": \"BACALAO FRITO\",\n        \"description_items\": \"Lorem ipsum dolor sit amet, sit audire recusabo complectitur eu.\",\n        \"price_items\": \"7.00€\"\n    },\n    {\n        \"name_category\": \"MAINS\",\n        \"nom_items\": \"PAELLA MIXTA\",\n        \"description_items\": \"Lorem ipsum dolor sit amet, sit audire recusabo complectitur eu.\",\n        \"price_items\": \"8.50€\"\n    },\n    {\n        \"name_category\": \"MAINS\",\n        \"nom_items\": \"LOMO DE SALMON\",\n        \"description_items\": \"Lorem ipsum dolor sit amet, sit audire recusabo complectitur eu.\",\n        \"price_items\": \"11.50€\"\n    },\n    {\n        \"name_category\": \"MAINS\",\n        \"nom_items\": \"POLLO AL HORNO\",\n        \"description_items\": \"Pellentesque nec nulla non urna faucibus maximus in sed tellus\",\n        \"price_items\": \"9.00€\"\n    },\n    {\n        \"name_category\": \"SIDES\",\n        \"nom_items\": \"FRIES\",\n        \"description_items\": null,\n        \"price_items\": \"2.00€\"\n    },\n    {\n        \"name_category\": \"SIDES\",\n        \"nom_items\": \"PEPPER POTATOES\",\n        \"description_items\": null,\n        \"price_items\": \"7.00€\"\n    },\n    {\n        \"name_category\": \"SIDES\",\n        \"nom_items\": \"GREEN SALAD\",\n        \"description_items\": null,\n        \"price_items\": \"2.00€\"\n    },\n    {\n        \"name_category\": \"SIDES\",\n        \"nom_items\": \"COLESLAW\",\n        \"description_items\": null,\n        \"price_items\": \"2.00€\"\n    },\n    {\n        \"name_category\": \"SIDES\",\n        \"nom_items\": \"JACKET POTATO\",\n        \"description_items\": null,\n        \"price_items\": \"3.00€\"\n    },\n    {\n        \"name_category\": \"DRINKS\",\n        \"nom_items\": \"ICE TEA\",\n        \"description_items\": null,\n        \"price_items\": \"2.50€\"\n    },\n    {\n        \"name_category\": \"DRINKS\",\n        \"nom_items\": \"BOTTLED WATER\",\n        \"description_items\": null,\n        \"price_items\": \"1.50€\"\n    },\n    {\n        \"name_category\": \"DRINKS\",\n        \"nom_items\": \"TEA OR COFFEE\",\n        \"description_items\": null,\n        \"price_items\": \"1.50€\"\n    },\n    {\n        \"name_category\": \"DRINKS\",\n        \"nom_items\": \"BEER\",\n        \"description_items\": null,\n        \"price_items\": \"2.00€\"\n    },\n    {\n        \"name_category\": \"DRINKS\",\n        \"nom_items\": \"GLASS OF RED WINE\",\n        \"description_items\": null,\n        \"price_items\": \"\"\n    },\n    {\n        \"name_category\": \"DESSERTS\",\n        \"nom_items\": \"BANANA SPLIT\",\n        \"description_items\": null,\n        \"price_items\": \"9.00€\"\n    },\n    {\n        \"name_category\": \"DESSERTS\",\n        \"nom_items\": \"COOKIE DELIGHT\",\n        \"description_items\": null,\n        \"price_items\": \"9.00€\"\n    },\n    {\n        \"name_category\": \"DESSERTS\",\n        \"nom_items\": \"APPLE PIE\",\n        \"description_items\": null,\n        \"price_items\": \"3.00€\"\n    },\n    {\n        \"name_category\": \"DESSERTS\",\n        \"nom_items\": \"CHOCOLATE MUFFIN\",\n        \"description_items\": null,\n        \"price_items\": \"1.50€\"\n    },\n    {\n        \"name_category\": \"DESSERTS\",\n        \"nom_items\": \"TIRAMISU\",\n        \"description_items\": null,\n        \"price_items\": \"5.50€\"\n    }\n]"
						}
					]
				},
				{
					"name": "delete formulas",
					"request": {
						"method": "GET",
						"header": []
					},
					"response": [
						{
							"name": "delete formulas",
							"originalRequest": {
								"method": "DELETE",
								"header": [],
								"url": {
									"raw": "http://localhost:3000/formulas/1",
									"protocol": "http",
									"host": [
										"localhost"
									],
									"port": "3000",
									"path": [
										"formulas",
										"1"
									]
								}
							},
							"status": "OK",
							"code": 200,
							"_postman_previewlanguage": "json",
							"header": [
								{
									"key": "X-Powered-By",
									"value": "Express"
								},
								{
									"key": "Content-Type",
									"value": "application/json; charset=utf-8"
								},
								{
									"key": "Content-Length",
									"value": "107"
								},
								{
									"key": "ETag",
									"value": "W/\"6b-iYl2FPAhL164xwLCsFX/n6DEygI\""
								},
								{
									"key": "Date",
									"value": "Thu, 26 Oct 2023 20:46:31 GMT"
								},
								{
									"key": "Connection",
									"value": "keep-alive"
								},
								{
									"key": "Keep-Alive",
									"value": "timeout=5"
								}
							],
							"cookie": [],
							"body": "{\n    \"fieldCount\": 0,\n    \"affectedRows\": 1,\n    \"insertId\": 0,\n    \"info\": \"\",\n    \"serverStatus\": 2,\n    \"warningStatus\": 0,\n    \"changedRows\": 0\n}"
						},
						{
							"name": "get l'id1 n'est plus là",
							"originalRequest": {
								"method": "GET",
								"header": [],
								"url": {
									"raw": "http://localhost:3000/formulas",
									"protocol": "http",
									"host": [
										"localhost"
									],
									"port": "3000",
									"path": [
										"formulas"
									]
								}
							},
							"status": "OK",
							"code": 200,
							"_postman_previewlanguage": "json",
							"header": [
								{
									"key": "X-Powered-By",
									"value": "Express"
								},
								{
									"key": "Content-Type",
									"value": "application/json; charset=utf-8"
								},
								{
									"key": "Content-Length",
									"value": "56"
								},
								{
									"key": "ETag",
									"value": "W/\"38-Z3JAq2m5hcr2xCGOKE1K4k336yg\""
								},
								{
									"key": "Date",
									"value": "Thu, 26 Oct 2023 20:46:40 GMT"
								},
								{
									"key": "Connection",
									"value": "keep-alive"
								},
								{
									"key": "Keep-Alive",
									"value": "timeout=5"
								}
							],
							"cookie": [],
							"body": "[\n    {\n        \"name_formulas\": \"FULL PACK\",\n        \"price_formulas\": \"20€\"\n    }\n]"
						}
					]
				}
			]
		},
		{
			"name": "POST",
			"item": [
				{
					"name": "Post items",
					"request": {
						"method": "GET",
						"header": []
					},
					"response": [
						{
							"name": "Post items",
							"originalRequest": {
								"method": "POST",
								"header": [],
								"body": {
									"mode": "raw",
									"raw": " {\n     \"id\": 26,\n     \"nom\": \"cake\",\n     \"description\": \"cake a la banane et la cerise\",\n     \"price\" : \"44€\",\n     \"cat_i\": 5\n}",
									"options": {
										"raw": {
											"language": "json"
										}
									}
								},
								"url": {
									"raw": "http://localhost:3000/items/",
									"protocol": "http",
									"host": [
										"localhost"
									],
									"port": "3000",
									"path": [
										"items",
										""
									]
								}
							},
							"status": "OK",
							"code": 200,
							"_postman_previewlanguage": "json",
							"header": [
								{
									"key": "X-Powered-By",
									"value": "Express"
								},
								{
									"key": "Content-Type",
									"value": "application/json; charset=utf-8"
								},
								{
									"key": "Content-Length",
									"value": "107"
								},
								{
									"key": "ETag",
									"value": "W/\"6b-iYl2FPAhL164xwLCsFX/n6DEygI\""
								},
								{
									"key": "Date",
									"value": "Thu, 26 Oct 2023 20:48:30 GMT"
								},
								{
									"key": "Connection",
									"value": "keep-alive"
								},
								{
									"key": "Keep-Alive",
									"value": "timeout=5"
								}
							],
							"cookie": [],
							"body": "{\n    \"fieldCount\": 0,\n    \"affectedRows\": 1,\n    \"insertId\": 0,\n    \"info\": \"\",\n    \"serverStatus\": 2,\n    \"warningStatus\": 0,\n    \"changedRows\": 0\n}"
						},
						{
							"name": "id26 items",
							"originalRequest": {
								"method": "GET",
								"header": [],
								"body": {
									"mode": "raw",
									"raw": " {\n     \"id\": 26,\n     \"nom\": \"cake\",\n     \"description\": \"cake a la banane et la cerise\",\n     \"price\" : \"44€\",\n     \"cat_i\": 5\n}",
									"options": {
										"raw": {
											"language": "json"
										}
									}
								},
								"url": {
									"raw": "http://localhost:3000/items/26",
									"protocol": "http",
									"host": [
										"localhost"
									],
									"port": "3000",
									"path": [
										"items",
										"26"
									]
								}
							},
							"status": "OK",
							"code": 200,
							"_postman_previewlanguage": "json",
							"header": [
								{
									"key": "X-Powered-By",
									"value": "Express"
								},
								{
									"key": "Content-Type",
									"value": "application/json; charset=utf-8"
								},
								{
									"key": "Content-Length",
									"value": "96"
								},
								{
									"key": "ETag",
									"value": "W/\"60-9trnTh4SY/HYgfpFdp2d8SXDGg8\""
								},
								{
									"key": "Date",
									"value": "Thu, 26 Oct 2023 20:48:42 GMT"
								},
								{
									"key": "Connection",
									"value": "keep-alive"
								},
								{
									"key": "Keep-Alive",
									"value": "timeout=5"
								}
							],
							"cookie": [],
							"body": "[\n    {\n        \"nom_items\": \"cake\",\n        \"description_items\": \"cake a la banane et la cerise\",\n        \"price_items\": \"44€\"\n    }\n]"
						}
					]
				},
				{
					"name": "Post categories",
					"request": {
						"method": "GET",
						"header": []
					},
					"response": [
						{
							"name": "Post categories",
							"originalRequest": {
								"method": "POST",
								"header": [],
								"body": {
									"mode": "raw",
									"raw": "{\n\"id\": \"7\",\n\"nom\": \"alcool\",\n\"cat_i\": 8\n}",
									"options": {
										"raw": {
											"language": "json"
										}
									}
								},
								"url": {
									"raw": "http://localhost:3000/categories",
									"protocol": "http",
									"host": [
										"localhost"
									],
									"port": "3000",
									"path": [
										"categories"
									]
								}
							},
							"status": "OK",
							"code": 200,
							"_postman_previewlanguage": "json",
							"header": [
								{
									"key": "X-Powered-By",
									"value": "Express"
								},
								{
									"key": "Content-Type",
									"value": "application/json; charset=utf-8"
								},
								{
									"key": "Content-Length",
									"value": "107"
								},
								{
									"key": "ETag",
									"value": "W/\"6b-iYl2FPAhL164xwLCsFX/n6DEygI\""
								},
								{
									"key": "Date",
									"value": "Thu, 26 Oct 2023 20:53:05 GMT"
								},
								{
									"key": "Connection",
									"value": "keep-alive"
								},
								{
									"key": "Keep-Alive",
									"value": "timeout=5"
								}
							],
							"cookie": [],
							"body": "{\n    \"fieldCount\": 0,\n    \"affectedRows\": 1,\n    \"insertId\": 0,\n    \"info\": \"\",\n    \"serverStatus\": 2,\n    \"warningStatus\": 0,\n    \"changedRows\": 0\n}"
						},
						{
							"name": "id7 catégories",
							"originalRequest": {
								"method": "GET",
								"header": [],
								"body": {
									"mode": "raw",
									"raw": "{\n\"id\": \"7\",\n\"nom\": \"alcool\",\n\"cat_i\": 8\n}",
									"options": {
										"raw": {
											"language": "json"
										}
									}
								},
								"url": {
									"raw": "http://localhost:3000/categories/7",
									"protocol": "http",
									"host": [
										"localhost"
									],
									"port": "3000",
									"path": [
										"categories",
										"7"
									]
								}
							},
							"status": "OK",
							"code": 200,
							"_postman_previewlanguage": "json",
							"header": [
								{
									"key": "X-Powered-By",
									"value": "Express"
								},
								{
									"key": "Content-Type",
									"value": "application/json; charset=utf-8"
								},
								{
									"key": "Content-Length",
									"value": "666"
								},
								{
									"key": "ETag",
									"value": "W/\"29a-l6qr5VIBpY5R7BfB92IDsn9WYSw\""
								},
								{
									"key": "Date",
									"value": "Thu, 26 Oct 2023 20:57:32 GMT"
								},
								{
									"key": "Connection",
									"value": "keep-alive"
								},
								{
									"key": "Keep-Alive",
									"value": "timeout=5"
								}
							],
							"cookie": [],
							"body": "[\n    {\n        \"name_category\": \"alcool\",\n        \"nom_items\": \"TORTILLA ESPANOLA\",\n        \"description_items\": \"Pellentesque nec nulla non urna faucibus maximus in sed tellus\",\n        \"price_items\": \"4.50€\"\n    },\n    {\n        \"name_category\": \"alcool\",\n        \"nom_items\": \"OLIVAS RELLENAS\",\n        \"description_items\": \"Lorem ipsum dolor sit amet, sit audire recusabo complectitur eu.\",\n        \"price_items\": \"6.00€\"\n    },\n    {\n        \"name_category\": \"alcool\",\n        \"nom_items\": \"VERDURAS CON OLIVADA\",\n        \"description_items\": \"Pellentesque nec nulla non urna faucibus maximus in sed tellus\",\n        \"price_items\": \"6.50€\"\n    },\n    {\n        \"name_category\": \"alcool\",\n        \"nom_items\": \"LASAGNE\",\n        \"description_items\": \"Pellentesque nec nulla non urna faucibus maximus in sed tellus\",\n        \"price_items\": \"3.00€\"\n    }\n]"
						}
					]
				},
				{
					"name": "Post formulas",
					"request": {
						"method": "GET",
						"header": []
					},
					"response": [
						{
							"name": "Post formulas",
							"originalRequest": {
								"method": "POST",
								"header": [],
								"body": {
									"mode": "raw",
									"raw": "{\n    \"id\":\"3\",\n    \"nom\":\"formule_express\",\n    \"price\":\"90€\",\n    \"cat_i\":\"3\"\n}",
									"options": {
										"raw": {
											"language": "json"
										}
									}
								},
								"url": {
									"raw": "http://localhost:3000/formulas",
									"protocol": "http",
									"host": [
										"localhost"
									],
									"port": "3000",
									"path": [
										"formulas"
									]
								}
							},
							"status": "OK",
							"code": 200,
							"_postman_previewlanguage": "json",
							"header": [
								{
									"key": "X-Powered-By",
									"value": "Express"
								},
								{
									"key": "Content-Type",
									"value": "application/json; charset=utf-8"
								},
								{
									"key": "Content-Length",
									"value": "107"
								},
								{
									"key": "ETag",
									"value": "W/\"6b-iYl2FPAhL164xwLCsFX/n6DEygI\""
								},
								{
									"key": "Date",
									"value": "Thu, 26 Oct 2023 21:00:38 GMT"
								},
								{
									"key": "Connection",
									"value": "keep-alive"
								},
								{
									"key": "Keep-Alive",
									"value": "timeout=5"
								}
							],
							"cookie": [],
							"body": "{\n    \"fieldCount\": 0,\n    \"affectedRows\": 1,\n    \"insertId\": 0,\n    \"info\": \"\",\n    \"serverStatus\": 2,\n    \"warningStatus\": 0,\n    \"changedRows\": 0\n}"
						},
						{
							"name": "id3 formulas",
							"originalRequest": {
								"method": "GET",
								"header": [],
								"body": {
									"mode": "raw",
									"raw": "{\n    \"id\":\"3\",\n    \"nom\":\"formule_express\",\n    \"price\":\"90€\",\n    \"cat_i\":\"3\"\n}",
									"options": {
										"raw": {
											"language": "json"
										}
									}
								},
								"url": {
									"raw": "http://localhost:3000/formulas/3",
									"protocol": "http",
									"host": [
										"localhost"
									],
									"port": "3000",
									"path": [
										"formulas",
										"3"
									]
								}
							},
							"status": "OK",
							"code": 200,
							"_postman_previewlanguage": "json",
							"header": [
								{
									"key": "X-Powered-By",
									"value": "Express"
								},
								{
									"key": "Content-Type",
									"value": "application/json; charset=utf-8"
								},
								{
									"key": "Content-Length",
									"value": "84"
								},
								{
									"key": "ETag",
									"value": "W/\"54-SDFHcuu1Q4ouWckLH2Z8icACQ10\""
								},
								{
									"key": "Date",
									"value": "Thu, 26 Oct 2023 21:00:52 GMT"
								},
								{
									"key": "Connection",
									"value": "keep-alive"
								},
								{
									"key": "Keep-Alive",
									"value": "timeout=5"
								}
							],
							"cookie": [],
							"body": "[\n    {\n        \"name_formulas\": \"formule_express\",\n        \"price_formulas\": \"90€\",\n        \"category_formulas\": 3\n    }\n]"
						}
					]
				}
			]
		},
		{
			"name": "PUT",
			"item": [
				{
					"name": "Items",
					"request": {
						"method": "GET",
						"header": []
					},
					"response": [
						{
							"name": "PUT Items",
							"originalRequest": {
								"method": "PUT",
								"header": [],
								"body": {
									"mode": "raw",
									"raw": "{\n    \"nom\": \"NouveauNom\",\n    \"description\": \"NouvelleDescription\",\n    \"price\": \"29.99€\",\n    \"cat_i\": 122\n}",
									"options": {
										"raw": {
											"language": "json"
										}
									}
								},
								"url": {
									"raw": "http://localhost:3000/items/2",
									"protocol": "http",
									"host": [
										"localhost"
									],
									"port": "3000",
									"path": [
										"items",
										"2"
									]
								}
							},
							"status": "OK",
							"code": 200,
							"_postman_previewlanguage": "json",
							"header": [
								{
									"key": "X-Powered-By",
									"value": "Express"
								},
								{
									"key": "Content-Type",
									"value": "application/json; charset=utf-8"
								},
								{
									"key": "Content-Length",
									"value": "147"
								},
								{
									"key": "ETag",
									"value": "W/\"93-ZV1nZM15DiIAPeFLx234FRCv9Qw\""
								},
								{
									"key": "Date",
									"value": "Thu, 26 Oct 2023 21:04:40 GMT"
								},
								{
									"key": "Connection",
									"value": "keep-alive"
								},
								{
									"key": "Keep-Alive",
									"value": "timeout=5"
								}
							],
							"cookie": [],
							"body": "{\n    \"fieldCount\": 0,\n    \"affectedRows\": 1,\n    \"insertId\": 0,\n    \"info\": \"Rows matched: 1  Changed: 1  Warnings: 0\",\n    \"serverStatus\": 2,\n    \"warningStatus\": 0,\n    \"changedRows\": 1\n}"
						},
						{
							"name": "id2 items",
							"originalRequest": {
								"method": "GET",
								"header": [],
								"body": {
									"mode": "raw",
									"raw": "{\n    \"nom\": \"NouveauNom\",\n    \"description\": \"NouvelleDescription\",\n    \"price\": \"29.99€\",\n    \"cat_i\": 122\n}",
									"options": {
										"raw": {
											"language": "json"
										}
									}
								},
								"url": {
									"raw": "http://localhost:3000/items/2",
									"protocol": "http",
									"host": [
										"localhost"
									],
									"port": "3000",
									"path": [
										"items",
										"2"
									]
								}
							},
							"status": "OK",
							"code": 200,
							"_postman_previewlanguage": "json",
							"header": [
								{
									"key": "X-Powered-By",
									"value": "Express"
								},
								{
									"key": "Content-Type",
									"value": "application/json; charset=utf-8"
								},
								{
									"key": "Content-Length",
									"value": "95"
								},
								{
									"key": "ETag",
									"value": "W/\"5f-oiNoza9j5aF5z8n5TcZLzs0Mxso\""
								},
								{
									"key": "Date",
									"value": "Thu, 26 Oct 2023 21:05:05 GMT"
								},
								{
									"key": "Connection",
									"value": "keep-alive"
								},
								{
									"key": "Keep-Alive",
									"value": "timeout=5"
								}
							],
							"cookie": [],
							"body": "[\n    {\n        \"nom_items\": \"NouveauNom\",\n        \"description_items\": \"NouvelleDescription\",\n        \"price_items\": \"29.99€\"\n    }\n]"
						}
					]
				},
				{
					"name": "catégories",
					"request": {
						"method": "GET",
						"header": []
					},
					"response": [
						{
							"name": "PUT catégories",
							"originalRequest": {
								"method": "PUT",
								"header": [],
								"body": {
									"mode": "raw",
									"raw": "\n{\n\"nom\": \"NouveauNom\",\n\"cat_i\": 122\n}",
									"options": {
										"raw": {
											"language": "json"
										}
									}
								},
								"url": {
									"raw": "http://localhost:3000/categories/2",
									"protocol": "http",
									"host": [
										"localhost"
									],
									"port": "3000",
									"path": [
										"categories",
										"2"
									]
								}
							},
							"status": "OK",
							"code": 200,
							"_postman_previewlanguage": "json",
							"header": [
								{
									"key": "X-Powered-By",
									"value": "Express"
								},
								{
									"key": "Content-Type",
									"value": "application/json; charset=utf-8"
								},
								{
									"key": "Content-Length",
									"value": "147"
								},
								{
									"key": "ETag",
									"value": "W/\"93-ZV1nZM15DiIAPeFLx234FRCv9Qw\""
								},
								{
									"key": "Date",
									"value": "Thu, 26 Oct 2023 21:06:05 GMT"
								},
								{
									"key": "Connection",
									"value": "keep-alive"
								},
								{
									"key": "Keep-Alive",
									"value": "timeout=5"
								}
							],
							"cookie": [],
							"body": "{\n    \"fieldCount\": 0,\n    \"affectedRows\": 1,\n    \"insertId\": 0,\n    \"info\": \"Rows matched: 1  Changed: 1  Warnings: 0\",\n    \"serverStatus\": 2,\n    \"warningStatus\": 0,\n    \"changedRows\": 1\n}"
						},
						{
							"name": "id2 catégories",
							"originalRequest": {
								"method": "GET",
								"header": [],
								"body": {
									"mode": "raw",
									"raw": "\n{\n\"nom\": \"NouveauNom\",\n\"cat_i\": 122\n}",
									"options": {
										"raw": {
											"language": "json"
										}
									}
								},
								"url": {
									"raw": "http://localhost:3000/categories/2",
									"protocol": "http",
									"host": [
										"localhost"
									],
									"port": "3000",
									"path": [
										"categories",
										"2"
									]
								}
							},
							"status": "OK",
							"code": 200,
							"_postman_previewlanguage": "json",
							"header": [
								{
									"key": "X-Powered-By",
									"value": "Express"
								},
								{
									"key": "Content-Type",
									"value": "application/json; charset=utf-8"
								},
								{
									"key": "Content-Length",
									"value": "510"
								},
								{
									"key": "ETag",
									"value": "W/\"1fe-64V/h3WQB2mqZbCx0bpirFipcp0\""
								},
								{
									"key": "Date",
									"value": "Thu, 26 Oct 2023 21:06:27 GMT"
								},
								{
									"key": "Connection",
									"value": "keep-alive"
								},
								{
									"key": "Keep-Alive",
									"value": "timeout=5"
								}
							],
							"cookie": [],
							"body": "[\n    {\n        \"name_category\": \"NouveauNom\",\n        \"nom_items\": \"OLIVAS RELLENAS\",\n        \"description_items\": \"Lorem ipsum dolor sit amet, sit audire recusabo complectitur eu.\",\n        \"price_items\": \"6.00€\"\n    },\n    {\n        \"name_category\": \"NouveauNom\",\n        \"nom_items\": \"VERDURAS CON OLIVADA\",\n        \"description_items\": \"Pellentesque nec nulla non urna faucibus maximus in sed tellus\",\n        \"price_items\": \"6.50€\"\n    },\n    {\n        \"name_category\": \"NouveauNom\",\n        \"nom_items\": \"LASAGNE\",\n        \"description_items\": \"Pellentesque nec nulla non urna faucibus maximus in sed tellus\",\n        \"price_items\": \"3.00€\"\n    }\n]"
						}
					]
				},
				{
					"name": "formulas",
					"request": {
						"method": "GET",
						"header": []
					},
					"response": [
						{
							"name": "PUT formulas",
							"originalRequest": {
								"method": "PUT",
								"header": [],
								"body": {
									"mode": "raw",
									"raw": "{\n     \"nom\": \"CLASSICO\",\n     \"cat_i\": 122,\n     \"price\" : \"124€\"\n}",
									"options": {
										"raw": {
											"language": "json"
										}
									}
								},
								"url": {
									"raw": "http://localhost:3000/formulas/2",
									"protocol": "http",
									"host": [
										"localhost"
									],
									"port": "3000",
									"path": [
										"formulas",
										"2"
									]
								}
							},
							"status": "OK",
							"code": 200,
							"_postman_previewlanguage": "json",
							"header": [
								{
									"key": "X-Powered-By",
									"value": "Express"
								},
								{
									"key": "Content-Type",
									"value": "application/json; charset=utf-8"
								},
								{
									"key": "Content-Length",
									"value": "147"
								},
								{
									"key": "ETag",
									"value": "W/\"93-ZV1nZM15DiIAPeFLx234FRCv9Qw\""
								},
								{
									"key": "Date",
									"value": "Thu, 26 Oct 2023 21:08:14 GMT"
								},
								{
									"key": "Connection",
									"value": "keep-alive"
								},
								{
									"key": "Keep-Alive",
									"value": "timeout=5"
								}
							],
							"cookie": [],
							"body": "{\n    \"fieldCount\": 0,\n    \"affectedRows\": 1,\n    \"insertId\": 0,\n    \"info\": \"Rows matched: 1  Changed: 1  Warnings: 0\",\n    \"serverStatus\": 2,\n    \"warningStatus\": 0,\n    \"changedRows\": 1\n}"
						},
						{
							"name": "id2 formulas",
							"originalRequest": {
								"method": "GET",
								"header": [],
								"body": {
									"mode": "raw",
									"raw": "{\n     \"nom\": \"CLASSICO\",\n     \"cat_i\": 122,\n     \"price\" : \"124€\"\n}",
									"options": {
										"raw": {
											"language": "json"
										}
									}
								},
								"url": {
									"raw": "http://localhost:3000/formulas/2",
									"protocol": "http",
									"host": [
										"localhost"
									],
									"port": "3000",
									"path": [
										"formulas",
										"2"
									]
								}
							},
							"status": "OK",
							"code": 200,
							"_postman_previewlanguage": "json",
							"header": [
								{
									"key": "X-Powered-By",
									"value": "Express"
								},
								{
									"key": "Content-Type",
									"value": "application/json; charset=utf-8"
								},
								{
									"key": "Content-Length",
									"value": "80"
								},
								{
									"key": "ETag",
									"value": "W/\"50-4rt5EVka/hQbMP/cnKdxksc3YMQ\""
								},
								{
									"key": "Date",
									"value": "Thu, 26 Oct 2023 21:08:29 GMT"
								},
								{
									"key": "Connection",
									"value": "keep-alive"
								},
								{
									"key": "Keep-Alive",
									"value": "timeout=5"
								}
							],
							"cookie": [],
							"body": "[\n    {\n        \"name_formulas\": \"CLASSICO\",\n        \"price_formulas\": \"124€\",\n        \"category_formulas\": 122\n    }\n]"
						}
					]
				}
			]
		}
	]
}